{"cameraMode":{"drawMode":0,"name":"Shaded","section":"Shading Mode"},"sceneLighting":true,"audioPlay":false,"sceneViewState":{"showFog":true,"showMaterialUpdate":true,"showSkybox":true,"showFlares":true,"showImageEffects":true,"showParticleSystems":true},"in2DMode":false,"pivot":{"x":0.4334695637226105,"y":0.7272756695747376,"z":0.24557054042816163},"rotation":{"x":-0.013053763657808304,"y":-0.0655054971575737,"z":-0.0026083870325237514,"w":0.998177170753479},"size":0.49691879749298098,"orthographic":false}