{"cameraMode":{"drawMode":0,"name":"Shaded","section":"Shading Mode"},"sceneLighting":true,"audioPlay":false,"sceneViewState":{"showFog":true,"showMaterialUpdate":true,"showSkybox":true,"showFlares":true,"showImageEffects":true,"showParticleSystems":true},"in2DMode":false,"pivot":{"x":0.004727528430521488,"y":1.0076700448989869,"z":-20.737939834594728},"rotation":{"x":-0.0018735412741079927,"y":1.0004000663757325,"z":0.005694475490599871,"w":0.0002594705147203058},"size":11.925186157226563,"orthographic":false}