{"cameraMode":{"drawMode":0,"name":"Shaded","section":"Shading Mode"},"sceneLighting":true,"audioPlay":false,"sceneViewState":{"showFog":true,"showMaterialUpdate":false,"showSkybox":true,"showFlares":true,"showImageEffects":true,"showParticleSystems":true},"in2DMode":false,"pivot":{"x":47.16234588623047,"y":-15.57738208770752,"z":20.072479248046876},"rotation":{"x":0.12895876169204713,"y":0.5649320483207703,"z":-0.0898771733045578,"w":0.8103054165840149},"size":30.921138763427736,"orthographic":false}