{"cameraMode":{"drawMode":0,"name":"Shaded","section":"Shading Mode"},"sceneLighting":true,"audioPlay":false,"sceneViewState":{"showFog":true,"showMaterialUpdate":true,"showSkybox":true,"showFlares":true,"showImageEffects":true,"showParticleSystems":true},"in2DMode":false,"pivot":{"x":-5.386668682098389,"y":1.8425307273864747,"z":-6.1605353355407719},"rotation":{"x":-0.006450890097767115,"y":0.9936938881874085,"z":-0.1034616231918335,"w":-0.0490257665514946},"size":2.2298312187194826,"orthographic":false}