{"cameraMode":{"drawMode":0,"name":"Shaded","section":"Shading Mode"},"sceneLighting":true,"audioPlay":false,"sceneViewState":{"showFog":true,"showMaterialUpdate":true,"showSkybox":true,"showFlares":true,"showImageEffects":true,"showParticleSystems":true},"in2DMode":false,"pivot":{"x":0.3785533010959625,"y":0.760551929473877,"z":-6.136320114135742},"rotation":{"x":0.001871544518508017,"y":-1.000160813331604,"z":0.007851896807551384,"w":-0.01994699239730835},"size":4.743595600128174,"orthographic":false}