{"cameraMode":{"drawMode":0,"name":"Shaded","section":"Shading Mode"},"sceneLighting":true,"audioPlay":false,"sceneViewState":{"showFog":true,"showMaterialUpdate":true,"showSkybox":true,"showFlares":true,"showImageEffects":true,"showParticleSystems":true},"in2DMode":false,"pivot":{"x":2.346874237060547,"y":0.4169606566429138,"z":1.7780723571777344},"rotation":{"x":0.047687336802482608,"y":0.7539196610450745,"z":-0.0582733079791069,"w":0.6532827019691467},"size":1.603081226348877,"orthographic":false}