{"cameraMode":{"drawMode":0,"name":"Shaded","section":"Shading Mode"},"sceneLighting":true,"audioPlay":false,"sceneViewState":{"showFog":true,"showMaterialUpdate":true,"showSkybox":true,"showFlares":true,"showImageEffects":true,"showParticleSystems":true},"in2DMode":false,"pivot":{"x":0.19315004348754884,"y":0.3514479398727417,"z":2.108097553253174},"rotation":{"x":-0.09152851998806,"y":-0.561752438545227,"z":0.06564096361398697,"w":-0.8200057744979858},"size":2.46526837348938,"orthographic":false}