{"cameraMode":{"drawMode":0,"name":"Shaded","section":"Shading Mode"},"sceneLighting":true,"audioPlay":false,"sceneViewState":{"showFog":true,"showMaterialUpdate":true,"showSkybox":true,"showFlares":true,"showImageEffects":true,"showParticleSystems":true},"in2DMode":false,"pivot":{"x":0.8392205238342285,"y":-0.511109471321106,"z":0.21409836411476136},"rotation":{"x":-0.18328407406806947,"y":-0.6009560227394104,"z":0.14736256003379823,"w":-0.7643330097198486},"size":2.765268325805664,"orthographic":false}