{"cameraMode":{"drawMode":0,"name":"Shaded","section":"Shading Mode"},"sceneLighting":true,"audioPlay":false,"sceneViewState":{"showFog":true,"showMaterialUpdate":true,"showSkybox":true,"showFlares":true,"showImageEffects":true,"showParticleSystems":true},"in2DMode":false,"pivot":{"x":-2.4819626808166506,"y":0.2829279899597168,"z":-0.5493984222412109},"rotation":{"x":-0.058018144220113757,"y":0.3910512328147888,"z":-0.021463362500071527,"w":-0.9186334609985352},"size":4.56965446472168,"orthographic":false}