{"cameraMode":{"drawMode":0,"name":"Shaded","section":"Shading Mode"},"sceneLighting":true,"audioPlay":false,"sceneViewState":{"showFog":true,"showMaterialUpdate":true,"showSkybox":true,"showFlares":true,"showImageEffects":true,"showParticleSystems":true},"in2DMode":false,"pivot":{"x":1.1479990482330323,"y":1.4679393768310547,"z":0.7139140367507935},"rotation":{"x":0.03776674345135689,"y":-0.7066553235054016,"z":0.03479384258389473,"w":0.7062879800796509},"size":1.603081226348877,"orthographic":false}