{"cameraMode":{"drawMode":0,"name":"Shaded","section":"Shading Mode"},"sceneLighting":true,"audioPlay":false,"sceneViewState":{"showFog":true,"showMaterialUpdate":true,"showSkybox":true,"showFlares":true,"showImageEffects":true,"showParticleSystems":true},"in2DMode":false,"pivot":{"x":1.0699028968811036,"y":1.4616963863372803,"z":-0.23611855506896974},"rotation":{"x":-0.1482170820236206,"y":0.25865504145622256,"z":-0.03708358108997345,"w":-0.9541432857513428},"size":1.130345344543457,"orthographic":false}