{"cameraMode":{"drawMode":0,"name":"Shaded","section":"Shading Mode"},"sceneLighting":true,"audioPlay":false,"sceneViewState":{"showFog":true,"showMaterialUpdate":true,"showSkybox":true,"showFlares":true,"showImageEffects":true,"showParticleSystems":true},"in2DMode":false,"pivot":{"x":0.5197806358337402,"y":1.2368505001068116,"z":-5.4107747077941898},"rotation":{"x":-0.0034741205163300039,"y":0.9996106028556824,"z":0.02209710143506527,"w":0.03158016875386238},"size":4.151932239532471,"orthographic":false}