{"cameraMode":{"drawMode":0,"name":"Shaded","section":"Shading Mode"},"sceneLighting":true,"audioPlay":false,"sceneViewState":{"showFog":true,"showMaterialUpdate":true,"showSkybox":true,"showFlares":true,"showImageEffects":true,"showParticleSystems":true},"in2DMode":false,"pivot":{"x":0.19538167119026185,"y":0.5482208132743836,"z":0.6284499168395996},"rotation":{"x":0.00041889798012562096,"y":-0.9961711764335632,"z":0.08726944029331207,"w":-0.02650432288646698},"size":1.7519326210021973,"orthographic":false}