{"cameraMode":{"drawMode":0,"name":"Shaded","section":"Shading Mode"},"sceneLighting":true,"audioPlay":false,"sceneViewState":{"showFog":true,"showMaterialUpdate":true,"showSkybox":true,"showFlares":true,"showImageEffects":true,"showParticleSystems":true},"in2DMode":false,"pivot":{"x":-1.1571145057678223,"y":-0.7700965404510498,"z":21.485441207885743},"rotation":{"x":-0.052835192531347278,"y":0.02464035525918007,"z":0.0005904415738768876,"w":-0.9987106919288635},"size":11.925186157226563,"orthographic":false}