{"cameraMode":{"drawMode":0,"name":"Shaded","section":"Shading Mode"},"sceneLighting":true,"audioPlay":false,"sceneViewState":{"showFog":true,"showMaterialUpdate":true,"showSkybox":true,"showFlares":true,"showImageEffects":true,"showParticleSystems":true},"in2DMode":false,"pivot":{"x":-0.8903433084487915,"y":0.7364519834518433,"z":0.6179172992706299},"rotation":{"x":-0.014033104293048382,"y":0.7092219591140747,"z":-0.011873552575707436,"w":-0.705345094203949},"size":1.2130990028381348,"orthographic":false}