{"cameraMode":{"drawMode":0,"name":"Shaded","section":"Shading Mode"},"sceneLighting":true,"audioPlay":false,"sceneViewState":{"showFog":true,"showMaterialUpdate":true,"showSkybox":true,"showFlares":true,"showImageEffects":true,"showParticleSystems":true},"in2DMode":false,"pivot":{"x":-4.118425369262695,"y":2.812664747238159,"z":1.8072659969329835},"rotation":{"x":0.15459990501403809,"y":0.33089715242385867,"z":-0.05653279274702072,"w":0.929510235786438},"size":2.2298312187194826,"orthographic":false}