{"cameraMode":{"drawMode":0,"name":"Shaded","section":"Shading Mode"},"sceneLighting":true,"audioPlay":false,"sceneViewState":{"showFog":true,"showMaterialUpdate":true,"showSkybox":true,"showFlares":true,"showImageEffects":true,"showParticleSystems":true},"in2DMode":false,"pivot":{"x":-0.8864203691482544,"y":0.600267767906189,"z":0.9435549378395081},"rotation":{"x":-0.005580374505370855,"y":0.7082543969154358,"z":-0.0033467235043644907,"w":-0.7065259218215942},"size":1.2130990028381348,"orthographic":false}