{"cameraMode":{"drawMode":0,"name":"Shaded","section":"Shading Mode"},"sceneLighting":true,"audioPlay":false,"sceneViewState":{"showFog":true,"showMaterialUpdate":true,"showSkybox":true,"showFlares":true,"showImageEffects":true,"showParticleSystems":true},"in2DMode":false,"pivot":{"x":0.06812821328639984,"y":1.335512399673462,"z":-1.3255008459091187},"rotation":{"x":0.10667072236537934,"y":-0.014707032591104508,"z":-0.0006313238991424441,"w":0.9946093559265137},"size":0.4969187378883362,"orthographic":false}