{"cameraMode":{"drawMode":0,"name":"Shaded","section":"Shading Mode"},"sceneLighting":true,"audioPlay":false,"sceneViewState":{"showFog":true,"showMaterialUpdate":true,"showSkybox":true,"showFlares":true,"showImageEffects":true,"showParticleSystems":true},"in2DMode":false,"pivot":{"x":-0.32912111282348635,"y":0.16890180110931397,"z":3.2027831077575685},"rotation":{"x":-0.12024153769016266,"y":-0.5158889293670654,"z":0.07627209275960922,"w":-0.8451308012008667},"size":3.0696544647216799,"orthographic":false}