{"cameraMode":{"drawMode":0,"name":"Shaded","section":"Shading Mode"},"sceneLighting":true,"audioPlay":false,"sceneViewState":{"showFog":true,"showMaterialUpdate":true,"showSkybox":true,"showFlares":true,"showImageEffects":true,"showParticleSystems":true},"in2DMode":false,"pivot":{"x":0.0028035789728164675,"y":0.5298274755477905,"z":0.4602668285369873},"rotation":{"x":0.0021706088446080686,"y":-0.9988154768943787,"z":0.05582088232040405,"w":-0.00808214582502842},"size":1.0969188213348389,"orthographic":false}