{"cameraMode":{"drawMode":0,"name":"Shaded","section":"Shading Mode"},"sceneLighting":true,"audioPlay":false,"sceneViewState":{"showFog":true,"showMaterialUpdate":true,"showSkybox":true,"showFlares":true,"showImageEffects":true,"showParticleSystems":true},"in2DMode":false,"pivot":{"x":0.18770408630371095,"y":0.07468652725219727,"z":0.8310644626617432},"rotation":{"x":0.2821134328842163,"y":0.2970625162124634,"z":-0.09392602741718292,"w":0.9077012538909912},"size":2.2298312187194826,"orthographic":false}