{"cameraMode":{"drawMode":0,"name":"Shaded","section":"Shading Mode"},"sceneLighting":true,"audioPlay":false,"sceneViewState":{"showFog":true,"showMaterialUpdate":true,"showSkybox":true,"showFlares":true,"showImageEffects":true,"showParticleSystems":true},"in2DMode":false,"pivot":{"x":-3.233259677886963,"y":1.8947067260742188,"z":-3.8616394996643068},"rotation":{"x":0.14593882858753205,"y":0.8527345061302185,"z":-0.36494180560112,"w":0.34487006068229678},"size":5.95193338394165,"orthographic":false}