{"cameraMode":{"drawMode":0,"name":"Shaded","section":"Shading Mode"},"sceneLighting":true,"audioPlay":false,"sceneViewState":{"showFog":true,"showMaterialUpdate":true,"showSkybox":true,"showFlares":true,"showImageEffects":true,"showParticleSystems":true},"in2DMode":false,"pivot":{"x":0.04134202003479004,"y":0.72649747133255,"z":0.8874658942222595},"rotation":{"x":-0.2029641568660736,"y":-0.6746774911880493,"z":0.20538443326950074,"w":-0.6797849535942078},"size":1.7519326210021973,"orthographic":false}