{"cameraMode":{"drawMode":0,"name":"Shaded","section":"Shading Mode"},"sceneLighting":true,"audioPlay":false,"sceneViewState":{"showFog":true,"showMaterialUpdate":true,"showSkybox":true,"showFlares":true,"showImageEffects":true,"showParticleSystems":true},"in2DMode":false,"pivot":{"x":-0.24745750427246095,"y":1.813377857208252,"z":1.9238100051879883},"rotation":{"x":0.1786261796951294,"y":-0.3238070011138916,"z":0.059447143226861957,"w":0.9275420308113098},"size":7.160271167755127,"orthographic":false}