{"cameraMode":{"drawMode":0,"name":"Shaded","section":"Shading Mode"},"sceneLighting":true,"audioPlay":false,"sceneViewState":{"showFog":true,"showMaterialUpdate":false,"showSkybox":true,"showFlares":true,"showImageEffects":true,"showParticleSystems":true},"in2DMode":false,"pivot":{"x":4.019534587860107,"y":-1.8385945558547974,"z":-3.6071112155914308},"rotation":{"x":-0.07439058274030686,"y":-0.9014754891395569,"z":0.17129211127758027,"w":-0.391056090593338},"size":5.972299098968506,"orthographic":false}