{"cameraMode":{"drawMode":0,"name":"Shaded","section":"Shading Mode"},"sceneLighting":true,"audioPlay":false,"sceneViewState":{"showFog":true,"showMaterialUpdate":false,"showSkybox":false,"showFlares":true,"showImageEffects":true,"showParticleSystems":true},"in2DMode":false,"pivot":{"x":0.7739625573158264,"y":-0.1563589870929718,"z":-0.338508665561676},"rotation":{"x":0.017786551266908647,"y":0.9145435690879822,"z":-0.40218788385391238,"w":0.04061950743198395},"size":0.3448825478553772,"orthographic":false}